{"data":{"years":[2012,2013,2014],"X0.99":[3087.17,36236.7999999991,26315.2099999999],"X0.95":[1158.95,3429.75,9007.89999999999],"X0.5":[94,90,148],"X0.25":[41.5,16.25,25.5]},"labels":[0.99,0.95,0.5,0.25]}