{"data":{"years":[2012,2013,2014],"X0.99":[3087.17,36236.7999999991,30603.7900000003],"X0.95":[1158.95,3429.75,9537],"X0.5":[94,90,138.5],"X0.25":[41.5,16.25,23.75]},"labels":[0.99,0.95,0.5,0.25]}