{"data":{"years":[2012,2013,2014],"X0.99":[3087.17,36236.7999999991,22871.72],"X0.95":[1158.95,3429.75,8911.69999999997],"X0.5":[94,90,107],"X0.25":[41.5,16.25,23]},"labels":[0.99,0.95,0.5,0.25]}